Motif	Promoter Flanking Region	Open chromatin	CTCF Binding Site	Enhancer	Promoter	TF binding site
DRs	0.9374036501394526	1.1388157811349022	1.1383136124620274	0.8141990285417949	1.0877896221182917	1.0443889068842735
G4	0.5600493573681363	0.5484678095442354	1.3017212138630074	0.4389216405941115	2.575593888202971	0.7681904412275888
Z-DNA	0.866740792753684	0.7901351736206216	1.3204845003200643	0.811944943540452	1.211022401755995	0.8315675343548246
H-DNA	1.0328046178402241	1.013638316896899	1.1214312392991708	0.8086964873659119	1.0190090836768722	0.7622061778477921
IRs	0.9722090927293001	1.103493067654649	1.0215689983235083	0.9693408795125551	1.0242856106534164	0.9323777697561381
MRs	0.9122178674670129	1.078687804877308	1.112258920809906	0.8122351321624054	1.262610967006207	0.8090744942265792
STRs	1.0002804627993394	0.8817674784211165	1.0265049555019765	0.91472856363574	1.1558742096562604	0.8811210018183114
