Motif	Promoter Flanking Region	Open chromatin	CTCF Binding Site	Enhancer	Promoter	TF binding site
DRs	0.03528086589852122	0.0035628573652958843	6.72912741112156e-08	3.3221238609256456e-14	0.049161852542051986	1.0
G4	4.7175462619444834e-80	9.307802278899406e-25	1.2173259003694612e-19	4.392966197665024e-86	5.271577714571187e-274	0.1651880133393556
Z-DNA	0.00015306892502488134	0.002443087600899269	1.7514936922276122e-16	7.6053141641355735e-06	4.259276183233873e-05	1.0
H-DNA	1.0	1.0	0.3547667886476689	0.0019117975026889955	1.0	1.0
IRs	0.09897783549060596	5.152350451221359e-08	1.0	0.33984293637366275	1.0	0.9036895794570411
MRs	6.170013338725807e-06	0.5005080959133351	1.7296828635660337e-06	4.85952278453257e-18	3.671380077161751e-24	0.01446009949652993
STRs	1.0	3.4967421129097454e-05	1.0	1.4126418150556415e-05	4.3411540726582263e-14	0.22724264117535867
