Motif	3UTR	Coding exons	1kB upstream of TSS	5UTR	1kB downstream of TES	Introns
DRs	0.0	0.0	3.42885978666458e-48	0.0	4.95622463805742e-15	1.9768330525148395e-36
G4	0.0	5.889493083062451e-218	0.0	0.0	0.0	1.2612948252073102e-14
Z-DNA	0.05831848679937391	1.1863928732693755e-118	0.0	2.690557666629503e-07	1.48172835359288e-15	1.0
H-DNA	0.0	0.0	0.004588898201861381	0.0	2.638310735856283e-08	2.567971699637959e-18
IRs	2.423665870964853e-69	0.0	7.411124560344693e-46	1.970077268934424e-167	3.22247280912411e-18	6.74770969083938e-16
MRs	0.0	0.0	1.367962935258132e-122	0.0	1.6816153585666203e-10	1.1898671350736234e-37
STRs	0.0	0.0	2.4248483623695076e-46	0.0	6.853369734810992e-05	4.883988954429916e-39
