Motif	3UTR	Coding exons	1kB upstream of TSS	5UTR	1kB downstream of TES	Introns
DRs	0.5879437274689111	0.3757051531038847	1.0664899845428248	0.5981211474960662	0.9651610665398478	1.020986483190165
G4	1.6489683887014306	1.4762308042971315	3.0237531389431225	2.64267585460968	1.7007277153600344	0.9753461253386638
Z-DNA	0.9670669589970824	0.6946922055146731	1.3737507380162541	1.0746411395385864	1.0667422946995286	1.0027887962903832
H-DNA	0.47071443598110474	0.11617310842492706	1.0339055916492104	0.40888414502003567	1.0515592045434812	1.0291007231741873
IRs	0.9535698054335489	0.8055187040720421	0.9696021540842248	0.9111234245977317	0.9816827874265145	1.0065925998865473
MRs	0.6597180400059537	0.5040333888994527	1.0944465090150448	0.751829398318914	0.9741055024841765	1.0188815214380793
STRs	0.6927232356603703	0.49887698449737794	1.0446813887564457	0.7156668808734901	1.0140408192604373	1.0149214215888658
